{"cameraMode":{"drawMode":0,"name":"Shaded","section":"Shading Mode"},"sceneLighting":false,"audioPlay":false,"sceneViewState":{"m_AlwaysRefresh":false,"showFog":true,"showSkybox":false,"showFlares":true,"showImageEffects":true,"showParticleSystems":true,"showVisualEffectGraphs":true,"m_FxEnabled":true},"in2DMode":false,"pivot":{"x":-102.69999694824219,"y":-0.7182235717773438,"z":0.8999999761581421},"rotation":{"x":0.19285009801387788,"y":-0.3650875389575958,"z":0.07758668810129166,"w":0.9074708819389343},"size":1.0800527334213257,"orthographic":false}