{"cameraMode":{"drawMode":0,"name":"Shaded","section":"Shading Mode"},"sceneLighting":false,"audioPlay":false,"sceneViewState":{"m_AlwaysRefresh":false,"showFog":true,"showSkybox":false,"showFlares":true,"showImageEffects":true,"showParticleSystems":true,"showVisualEffectGraphs":true,"m_FxEnabled":true},"in2DMode":false,"pivot":{"x":-206.4355926513672,"y":70.49349975585938,"z":10.279999732971192},"rotation":{"x":-0.014970052056014538,"y":0.8969277143478394,"z":-0.030406611040234567,"w":-0.44090983271598818},"size":2.456803321838379,"orthographic":false}